,filename,len_in_sec,sr,num_hops,OVRL_raw,SIG_raw,BAK_raw,OVRL,SIG,BAK
0,/home/koo/enhancelink/inference_sample/mix/30_M_KTE_4_0009.wav_mix.wav,4.7526875,16000,1,3.8967,4.043329,4.3912897,3.3652457730111833,3.5686698637188163,4.131193934454676
1,/home/koo/enhancelink/inference_sample/mix/30_M_KTE_4_0010.wav_mix.wav,5.3073125,16000,1,3.7742033,3.952295,4.400695,3.292185164534687,3.5186536956651806,4.135440582707252
2,/home/koo/enhancelink/inference_sample/mix/10_M_LJB_1_0002.wav_mix.wav,5.5065,16000,2,3.8620682,3.983562,4.518759,3.3442698730493765,3.53540760952683,4.186701724613967
3,/home/koo/enhancelink/inference_sample/mix/10_F_HSY_1_0002.wav_mix.wav,5.616875,16000,2,4.1233063,4.2480583,4.595338,3.494950539718897,3.675920789293431,4.218043071824264
4,/home/koo/enhancelink/inference_sample/mix/10_F_JBR_1_0012.wav_mix.wav,6.7088125,16000,4,4.1405993,4.316453,4.5787125,3.504634727603812,3.710327497236549,4.2113580243942454
5,/home/koo/enhancelink/inference_sample/mix/10_F_HSY_1_0001.wav_mix.wav,6.9383125,16000,4,3.8683884,4.1143727,4.3916025,3.3482740936844224,3.606478636202313,4.1309977735857695
6,/home/koo/enhancelink/inference_sample/mix/10_M_LJB_1_0001.wav_mix.wav,6.811625,16000,4,3.8223782,3.9702058,4.45175,3.320915376995835,3.5283500405394,4.157377149492616
7,/home/koo/enhancelink/inference_sample/mix/10_F_JBR_1_0011.wav_mix.wav,4.167625,16000,7,3.991382,4.2062464,4.445068,3.4200978025839794,3.6545373893309057,4.154971505177445
